id,category,photographer,license_note
1511707171634-5f897ff02aa9,phone,Daniel Romero,Unsplash License (free use, no attribution required)
1592750475338-74b7b21085ab,phone,Daniel Romero,Unsplash License (free use, no attribution required)
1556656793-08538906a9f8,phone,Daniel Romero,Unsplash License (free use, no attribution required)
1605236453806-6ff36851218e,phone,Onur Binay,Unsplash License (free use, no attribution required)
1574944985070-8f3ebc6b79d2,phone,Daniel Romero,Unsplash License (free use, no attribution required)
1567581935884-3349723552ca,phone,Lukenn Sabellano,Unsplash License (free use, no attribution required)
1546054454-aa26e2b734c7,phone,Lukenn Sabellano,Unsplash License (free use, no attribution required)
1601784551446-20c9e07cdbdb,phone,Onur Binay,Unsplash License (free use, no attribution required)
1565849904461-04a58ad377e0,phone,Daniel Romero,Unsplash License (free use, no attribution required)
1580910051074-3eb694886505,phone,Onur Binay,Unsplash License (free use, no attribution required)
1512941937669-90a1b58e7e9c,phone,Tron Le,Unsplash License (free use, no attribution required)
1585060544812-6b45742d762f,phone,Onur Binay,Unsplash License (free use, no attribution required)
1598327105666-5b89351aff97,phone,Onur Binay,Unsplash License (free use, no attribution required)
1556656793-08538906a9f9,phone,Unknown,Unsplash License (free use, no attribution required)
1610945415295-d9bbf067e59c,phone,Onur Binay,Unsplash License (free use, no attribution required)
1551355975-a6cebcdb0220,phone,Tron Le,Unsplash License (free use, no attribution required)
1525598912003-663126343e1f,phone,Andres Urena,Unsplash License (free use, no attribution required)
1572569511254-d8f925fe2cbb,phone,Onur Binay,Unsplash License (free use, no attribution required)
1616348436168-de43ad0db179,phone,Onur Binay,Unsplash License (free use, no attribution required)
1607936854279-55e8a4c64888,phone,Onur Binay,Unsplash License (free use, no attribution required)
1603484477859-abe6a73f9366,phone,Onur Binay,Unsplash License (free use, no attribution required)
1517336714731-489689fd1ca8,laptop,Christopher Gower,Unsplash License (free use, no attribution required)
1496181133206-80ce9b88a853,laptop,Luca Bravo,Unsplash License (free use, no attribution required)
1498050108023-c5249f4df085,laptop,Christopher Gower,Unsplash License (free use, no attribution required)
1525547719571-a2d4ac8945e2,laptop,Marek Levak,Unsplash License (free use, no attribution required)
1531297484001-80022131f5a1,laptop,Lukas Bieri,Unsplash License (free use, no attribution required)
1541807084-5c52b6b3adef,laptop,Lukas Bieri,Unsplash License (free use, no attribution required)
1504707748692-419802cf939d,laptop,Maxim Ilyahov,Unsplash License (free use, no attribution required)
1515343480029-43cdfe6b6aae,laptop,Brad Neathery,Unsplash License (free use, no attribution required)
1542393545-10f5cde2c810,laptop,Stem List,Unsplash License (free use, no attribution required)
1593642632559-0c6d3fc62b89,laptop,Surface,Unsplash License (free use, no attribution required)
1588872657578-7efd1f1555ed,laptop,Andras Vas,Unsplash License (free use, no attribution required)
1496181133206-80ce9b88a854,laptop,Unknown,Unsplash License (free use, no attribution required)
1541807084-5c52b6b3adfa,laptop,Unknown,Unsplash License (free use, no attribution required)
1593640408182-31c70c8268f5,laptop,Surface,Unsplash License (free use, no attribution required)
1611078489935-0cb964de46d6,laptop,Daniel Korpai,Unsplash License (free use, no attribution required)
1498049794561-7780e7231661,laptop,Patrick Ward,Unsplash License (free use, no attribution required)
1486312338219-ce68d2c6f44d,laptop,Christopher Gower,Unsplash License (free use, no attribution required)
1531297484001-80022131f5a2,laptop,Unknown,Unsplash License (free use, no attribution required)
1610465299996-30f240ac2b1c,laptop,Unknown,Unsplash License (free use, no attribution required)
1629131726692-1accd0c53ce0,laptop,Unknown,Unsplash License (free use, no attribution required)
1587614382346-4ec70e388b28,laptop,Unknown,Unsplash License (free use, no attribution required)
1527443224154-c4a3942d3acf,mouse,Wojciech Pacześ,Unsplash License (free use, no attribution required)
1615663245857-ac93bb7c39e7,mouse,Vladimir Soares,Unsplash License (free use, no attribution required)
1586816001966-79b736744398,mouse,James Yarema,Unsplash License (free use, no attribution required)
1629429407759-01cd3d7cfb38,mouse,Mateo Vrbnjak,Unsplash License (free use, no attribution required)
1563770660941-20978e870e26,mouse,Jay Zhang,Unsplash License (free use, no attribution required)
1605773527852-c546a8584ea3,mouse,Sergi Kabrera,Unsplash License (free use, no attribution required)
1592434134753-a70baf7979d5,mouse,Mateo Vrbnjak,Unsplash License (free use, no attribution required)
1527814050087-3793815479db,mouse,Branden Skeli,Unsplash License (free use, no attribution required)
1615663245857-ac93bb7c39e8,mouse,Unknown,Unsplash License (free use, no attribution required)
1586349906319-47f3ab5f12fc,mouse,Unknown,Unsplash License (free use, no attribution required)
1631281956016-3cdc1b2fe5fb,mouse,Unknown,Unsplash License (free use, no attribution required)
1625806786037-2bb50300b5ca,mouse,Unknown,Unsplash License (free use, no attribution required)
1629131726692-1accd0c53cd1,mouse,Unknown,Unsplash License (free use, no attribution required)
1618384887929-16ec33fab9ef,mouse,Unknown,Unsplash License (free use, no attribution required)
1605557202138-23a4194d9e54,mouse,Unknown,Unsplash License (free use, no attribution required)
1563770660941-20978e870e27,mouse,Unknown,Unsplash License (free use, no attribution required)
1629429407759-01cd3d7cfb39,mouse,Unknown,Unsplash License (free use, no attribution required)
1592434134753-a70baf7979d6,mouse,Unknown,Unsplash License (free use, no attribution required)
1605773527852-c546a8584ea4,mouse,Unknown,Unsplash License (free use, no attribution required)
1527443224154-c4a3942d3ad0,mouse,Unknown,Unsplash License (free use, no attribution required)
1586816001966-79b736744399,mouse,Unknown,Unsplash License (free use, no attribution required)
1541140532154-b024d705b90a,keyboard,Sergi Kabrera,Unsplash License (free use, no attribution required)
1587829741301-dc798b83add3,keyboard,Sergi Kabrera,Unsplash License (free use, no attribution required)
1595225476474-87563907a212,keyboard,Sergi Kabrera,Unsplash License (free use, no attribution required)
1618384887929-16ec33fab9e4,keyboard,Sergi Kabrera,Unsplash License (free use, no attribution required)
1561112078-7d24e04c3407,keyboard,Sven Mieke,Unsplash License (free use, no attribution required)
1563191911-e65f8655ebf9,keyboard,Sergi Kabrera,Unsplash License (free use, no attribution required)
1601445638532-3c6f6c3aa1d6,keyboard,Sergi Kabrera,Unsplash License (free use, no attribution required)
1612458077321-bb47d2ec6987,keyboard,Sergi Kabrera,Unsplash License (free use, no attribution required)
1625806786037-2bb50300b5cb,keyboard,Unknown,Unsplash License (free use, no attribution required)
1632094527015-e74b7c139e23,keyboard,Unknown,Unsplash License (free use, no attribution required)
1612599316791-451087c6a6c0,keyboard,Unknown,Unsplash License (free use, no attribution required)
1629131726692-1accd0c53ce1,keyboard,Unknown,Unsplash License (free use, no attribution required)
1541140532154-b024d705b90b,keyboard,Unknown,Unsplash License (free use, no attribution required)
1587829741301-dc798b83add4,keyboard,Unknown,Unsplash License (free use, no attribution required)
1595225476474-87563907a213,keyboard,Unknown,Unsplash License (free use, no attribution required)
1618384887929-16ec33fab9e5,keyboard,Unknown,Unsplash License (free use, no attribution required)
1561112078-7d24e04c3408,keyboard,Unknown,Unsplash License (free use, no attribution required)
1563191911-e65f8655ebfa,keyboard,Unknown,Unsplash License (free use, no attribution required)
1601445638532-3c6f6c3aa1d7,keyboard,Unknown,Unsplash License (free use, no attribution required)
1612458077321-bb47d2ec6988,keyboard,Unknown,Unsplash License (free use, no attribution required)
1625806786037-2bb50300b5cc,keyboard,Unknown,Unsplash License (free use, no attribution required)
1632094527015-e74b7c139e24,keyboard,Unknown,Unsplash License (free use, no attribution required)
1505740420928-5e560c06d30e,headphone,C D-X,Unsplash License (free use, no attribution required)
1583394838336-acd977736f90,headphone,Daniel Prado,Unsplash License (free use, no attribution required)
1545127398-14699f92334b,headphone,Daniel Korpai,Unsplash License (free use, no attribution required)
1546435770-a3e426bf472b,headphone,C D-X,Unsplash License (free use, no attribution required)
1487215078519-e21cc028cb29,headphone,Joshua Coleman,Unsplash License (free use, no attribution required)
1572536147248-ac59a8abfa4b,headphone,Vladimir Yelizarov,Unsplash License (free use, no attribution required)
1599669454699-248893623440,headphone,Boxed Water Is Better,Unsplash License (free use, no attribution required)
1577174881658-0f30ed549adc,headphone,Maxime Rossignol,Unsplash License (free use, no attribution required)
1590658268037-6bf12165a8df,headphone,Karthikeya Yamasani,Unsplash License (free use, no attribution required)
1593305841991-05c297ba4575,headphone,Sandeep Kr Yadav,Unsplash License (free use, no attribution required)
1618329340733-1cee93630a93,headphone,Unknown,Unsplash License (free use, no attribution required)
1631281956016-3cdc1b2fe5fc,headphone,Unknown,Unsplash License (free use, no attribution required)
1505740420928-5e560c06d30f,headphone,Unknown,Unsplash License (free use, no attribution required)
1583394838336-acd977736f91,headphone,Unknown,Unsplash License (free use, no attribution required)
1545127398-14699f92334c,headphone,Unknown,Unsplash License (free use, no attribution required)
1546435770-a3e426bf472c,headphone,Unknown,Unsplash License (free use, no attribution required)
1487215078519-e21cc028cb30,headphone,Unknown,Unsplash License (free use, no attribution required)
1572536147248-ac59a8abfa4c,headphone,Unknown,Unsplash License (free use, no attribution required)
1599669454699-248893623441,headphone,Unknown,Unsplash License (free use, no attribution required)
1577174881658-0f30ed549add,headphone,Unknown,Unsplash License (free use, no attribution required)
1590658268037-6bf12165a8e0,headphone,Unknown,Unsplash License (free use, no attribution required)
1593305841991-05c297ba4576,headphone,Unknown,Unsplash License (free use, no attribution required)
